anger,SUSAH NGOMONG SAMA ORANG YANG GA TAU DIRI
sadness,"macam mw balas tweet klau sy x pandai english,.haiszz #sedih"
sadness,knp ka?? aku jg gk denger siaran trakhir kk lg. #sedih. Mksih ya ka udh jd tmn aku di stiap kk lg siaran
fear,hujan lbat + petirr aku #takut pengen off aja
fear,"Yang tadinya tenang dirumah,, skrang malah jadi #TAKUT dan ga #TENANG"
sadness,Terasa sedih bila kita di tempat berbeda
anger,"Suka bnget pergi nggak bilang2,, bikin orang marah aja sih kmu >:0"
anger,PERCUMA BELI BH MAHAL-MAHAL KALO ISINYA MURAHAN
joy,Yeah ! Menang Merentas Desa .. #gembira #gila. :) #Batak #Sekejap :)
fear,Hjn abu nya smpe sekolahan ku :( #takut
anger,"Ga harus ngomel-ngomel,bisa?!"
anger,"lah ko ketawa , masalah ?"
joy,Makan Sehat Hidup Senang
fear,"pas gua udah mulai suka , udah membuka hati lagi lu malah ngecewain #takut :'("
sadness,ku sedih banget bulan itu aku udah uts jadi gak bisa ke jakarta :(( huhuhu pengen banget ktmu kalex
joy,Aten rindu saya sampai letak gmbar berdua dengan saya di wechat #gembira #terharu #rindu #tangisanterharugembirasemuaada
anger,GUE GA PERDULI LO MAU NGOMONG APAAN
anger,"Pinter boong , suka ngeles, pinter cari muka, otak kecil , yah itu si ""budakkecikbalita"" #marah"
sadness,"smtime bkn krn kebohongan utk membenci ssorg, tp krn sedih menerima kenyataan bahwa ia tak bisa lg dipercaya :')"
sadness,"Jangan sedih bila sekarang masih dipandang sebelah mata, buktikan bahwa anda layak mendapatkan kedua matanya."
sadness,"Tiap habis mandi terus oles-oles krim muka pasti jadi sedih, kulit muka jadi ga karuan gini sejak di Kalimantan."
joy,terima kasih.ditunggu ya :)
anger,SIRIK MULU
anger,BROADCAST MULU LO TONG!!
anger,Ah marah tetap marah
joy,"Setelah sekian lama aku pendam , tahan , sabar , tunggu masa yang sesuai dan tepat........akhirnya ! #Gembira sungguh"
sadness,"Awak selalu berjanji, tapi awak tak pernah tunaikan janji awk. Saya sedih,, Tapi takpa saya sabar selagi mampu."
joy,Aku senang pernah bertemu denganmu
joy,Manusia terbaik adalah yang selalu berusaha membuat orang lain senang. Lakukanlah walaupun kamu harus meninggalkan mereka dan sendirian.
sadness,"Sebenernya teknik lumayan, tapi aneh bgt pas di inter.. passing sering salah, dribbling ga bagus, crossing gak bagus, keypass awal2 aja, selanjutnya ketebak.. what a waste of skill"
joy,"Cintanya Allah itu Luar Biasa. Tidakkah kalian rasakan itu? #Senang,Sedih = semua berujung bahagia :')"
anger,HIDUP KALO CUMA MAU ENAKNYA MENDING MATI AJA LO!!
anger,"Mobil Harier itu rental untuk meningkatkan performa, dia rental mobil bagus-bagus. Di Jakarta tinggal di apartemen, kos, berpindah untuk menghindar kejaran korban sehingga sulit sekali dilacak,"
joy,"Aku senang bisa masuk senbatsu lagi, aku bakal bertanggung jawab sama apa yang dikasih, ke depannya mohon bantuannya ya!"
fear,bukan petir.. tapi ini GUNTUR.. #Takut :'(
fear,"Seneng nonton horor, tapi klo kemana² harus dianterin :D #takut"
sadness,"Sedih itu ketika kamu kerja malem, gapunya tv, dan gabisa nonton liga champions :("
joy,Alhamdulillah . Dia suka dengan hadiah tu . #gembira bersama wynaa
joy,"Itulah sebabnya kenapa aku lebih senang berada diluar rumah bersama teman-temanku,tertawa dan bercanda dengan bebas"
joy,Orang yang lagi senang itu lebih ceriwis dari biasanya #senang
joy,tidak ada remidi kimia untuk aku.. #senang :)
joy,Yeah hari rabu dia nya pulang.. Horee horeee #senang
joy,terima kasih ya Allah ;) #gembira <3
anger,mau nya kok enak nya doang lu pikir hidup ini selurus idung nya sehun apa -_- cetek otak lo!! #marah
joy,Nasib baik exam senang . Fuhhh Alhamdulillah
fear,Udah 2 hari padang hujan !! :/ -_- #takut :(
joy,"Tersenyum saat senang sudah biasa, tetap tersenyum saat sulit itu baru muslimah luar biasa :)"
sadness,moment gini ah paling sedih sekali. bila kau tak tau satu cerita yang dah gempak
fear,"LES itu merupakan penyakit inflamasi sistemik autoimun yang dapat menyerang berbagai bagian tubuh (kulit, sendi, sistem syaraf, ginjal, jantung, paru, sel darah dan sebagainya),"
sadness,"Lu temen gue, jadi kalo lu sedih gue ikut sedih. lu bahagia gue bahagia."
anger,Njir yg fisiknya gakuat langsung kesurupan
fear,Gludug gludug #takut
fear,Awan gelap gila.Bkal hujan lebat ne.#Takut
anger,"Perusak hubungan orang. Gak laku, murahan, atau gimana?"
fear,"LES itu merupakan penyakit inflamasi sistemik autoimun yang dapat menyerang berbagai bagian tubuh (kulit, sendi, sistem syaraf, ginjal, jantung, paru, sel darah dan sebagainya),"
anger,SOK OKE BANGET SIH LO !!
joy,Terimakasih untuk dolphinnya #senang
anger,"Tentunya mereka bertekad bekerja untuk kepentingan rakyat. Tapi saya juga pesankan, mereka juga harus akomodatif, harus mementingkan semua sektor, juga kepentingan para pengusaha,"
sadness,Semakin dekat dengan orang maka yang sangat diperlukan itu sebuah pengertian yg besar... Ngerti kalo dia banyak kekurangan dan kamu juga begitu... Ini susah banget sih dilakuin di kehidupan nyata... Heemmmm
joy,Mungkin aku tidak diperhitungkan. Tapi aku senang bersama dengan orang yang sangat bersemangat. Happy
joy,Yippppie alhmdulillah handphone saya sudah sembuhh ... hihihihi #senang senang
sadness,Jangan rasa pelik kenapa perempuan ketawa lebih daripada yg biasa dia lakukan. Itulah cara mereka mengembirakan diri mereka ketika sedih .
anger,Setuju banget! Kl perlu lakukan hal yang sama! #marah
fear,udahh ada yang punya !! #takut ah kalo udah ada anjingnya
sadness,ternyata SAKIT ya klo kmu itu terlalu cuek sama aku... :�) sampai sampai gak kebayang rasanya itu kaya gimana #sedih
fear,duh Gusti kenapa mati lampu sih ? -.- nyala dong nyala yyah #takut
fear,Kaget bangun gara-gara mimpi buruk #takut
fear,HAH! tes potensi akademik.. dag dig dug #takut
fear,"Ya Allah Bioskop TransTv ""Misteri di rusun 313"" bikin tegang .. #takut"
anger,BARU PACARAN AJA UDAH NGATUR-NGATUR LO TAI!!
sadness,"W sangat kehilangan loe ... Sedih banget ... Knp sih loe tega bnget ma w... Tega loe, gak punya hati nurani"
sadness,rasanya sedih banget #gua hari ini.
fear,sosok om ku yg seram membuatku takut keluar kamar :3 #takut
fear,ya allah aku nabrak ayam jago.. #takut
joy,"Yes, dengan senang hati"
fear,efek kebanjiran ular masuk rumah #takut :(
anger,URUSIN DIRI LO SENDIRI TAI!!
joy,"senang melihat kalian tersenyum, sesederhana itu rasaku"
fear,"katene turu ae hujan petir segala,,yakopo iki rek... #Takut"
joy,alaa hg mscall aku laa . Lgi senang gitewwww . Hehe
sadness,sedih dan menangis itu gpp .yg penting orang yg disayangnya bahagia.
fear,degdegan setiap seperti ini. #takut
joy,rasa senang yang tidak biasa ketika di bbm atau di sms sama kamu #senang
anger,paling benci sama orang yang suka ngikutin gaya gue ???(?_�)????
anger,SOK OKE BANGET SIH LO!!
fear,sosok om ku yg seram membuatku takut keluar kamar :3 #takut
fear,waduh depan rumah saya rame ricuh #takut
fear,"Nanti bakalan di lihat kan semua keburukan kita dan ke baikan kita di akhirat , gak cuma itu di perlihatankan oleh semua mahluk #takut"
sadness,Sedih gk bisa keluar hari sabtu :'( gereja selesai jam 12an
anger,"Sisanya sudah kepanasan, hanya menunggu door prize atau penyanyi dangdut, tidak mungkin bisa menilai program,"
anger,DASAR anak mami .. kalo gak di temenin NGADUUUU !! NJISSS GUE MAH
sadness,"Kadang, ketika sedih, kamu menyendiri. Karena kamu tahu satu-satunya orang yg mampu buatmu tersenyum kembali adalah dirimu sendiri."
anger,YAELAH NGACA WOI!!
joy,pagi yg cerah.....ya??? #senang
fear,"LES itu merupakan penyakit inflamasi sistemik autoimun yang dapat menyerang berbagai bagian tubuh (kulit, sendi, sistem syaraf, ginjal, jantung, paru, sel darah dan sebagainya),"
sadness,ternyata SAKIT ya klo kmu itu terlalu cuek sama aku... :�) sampai sampai gak kebayang rasanya itu kayak gimana #sedih
anger,GAYA LO SOK BANGET FAK!! LO PIKIR LO SEGALANYA??
joy,Seorang sahabat akan menerima sahabtanya sendiri walau lg susah maupun senang :))
joy,"akhirny rsa senang it pun mnjadi 1 hal yg lebih dr indah,yg mmbuat ht ingin lg lbih puas dr rsa yg 1thn"
sadness,sedih bgt di giniin :'( ga ngerti ngerasain apa yg gua rasain :'(
anger,"PANAS, NGELIAT MUKA LO, TAMBAH PANAS!!"
joy,stidaknya aq jd org pertama yg follow.#senang
anger,SUSAH NGELEPASIN LO BEGITU AJA!!
joy,"Mengganang aku jar sampai tegaring2, makasih buat kasih sayang nya.. #Senang banget.."
fear,waduh depan rumah saya rame ricuh #takut
sadness,"karena sedang sedih, lalu merenung sendiri di taman"
anger,"kaLo nyuruh gue , ngomong baikbaik kek .. ini mah maLah ngomeLngomeL .. dasar mantan sok IYE !!"
joy,"Kau adalah temanku, dan jika kau merasa begitu, bahkan sedikit saja, aku sudah merasa senang"
joy,Alhamdulillah akhirnya punya ponakan cewek #Senang
joy,Besok bersihh2 lg.. GAK jdi ulangan Mat yess.. GAK jdi senam Erobik yess.. GAK ketemu guru PPL fiqih yess.. #gembira.. :D
anger,KELAKUAN LO GATAU DIRI!!
fear,pliss jgn mati lampu #takut dwean :( 
fear,Di kelas ada orang gila... #takut
anger,Dikasih tidur 30 menit doang #marah
fear,"Dari sini jalannya sempit Pak,"
anger,"Ya, saya nekat saja coba lewati, saya kira masih cetek, eh, lama-lama makin dalam mogok dah motor saya,"
sadness,Lebih baik sakit hati atau sakit gigi?? Rasanya dahsyat abis cabut gigi inih #sedih
joy,Di traktir tu rasanya hati senang perut kenyang :*
joy,Susah senang sama* ;)
joy,Conggrats kaka' smga mjd anak sholehah {}
sadness,Gapapaaaa... gue udah berusaha untuk sblm lebaran dari kapan tau tp dospem malah ke luar negri pas tgl tgl sidang :)) kering sudah air mata ini
joy,"Hidup senang bukan banyak uang, hidup senang hatinya tenang"
fear,"Nanti bakalan di lihat kan semua keburukan kita dan ke baikan kita di akhirat , gak cuma itu di perlihatankan oleh semua mahluk #takut"
fear,Semenjak aku comment update status facebooknya tiba-tiba langit jadi mendung dan akhirnya hujan disertai petir.. #Takut
joy,Om senang om bayar ko =))
fear,angin kencank d'sertai dgn petir. . . #takut
joy,Aaa twitter kubsudah kembali senang rek --''
anger,TAU DEH YANG KAYA MAH
fear,Gempa :o #Takut:(
sadness,"Ak bner2 kangen, tpi kmune malah tmbh jarang sms ak #sedih"
sadness,Dan lumayan sedih bsk sekolah udah aktifitas kek biasanya ><
sadness,Dukaku karna tak mampu katakan sedih ku karna sakit ku!! #iniserius #seriuscumatulisan #tulisandarilubuhhati #hatiyangcukupdalam #tapigakdalamdalambanget *emot mekkel sip*
sadness,"Sekilas teringat saat jam itu hancur, bohong jika aku tidak kecewa #sedih"
joy,"Seandainya kamu tau semua mauku,, :) #pasti senang rasanya"
anger,Dancuk tetangga kost numpang tidur malah ganti chanel tv sekarang gx bs liat mas ryan #marah
anger,SUSAH NGOMONG SAMA ORANG YANG GA TAU DIRI
anger,"Perusak hubungan orang. Gak laku, murahan, atau gimana?"
anger,Klo gag ya gag..gag Ngerti omongan y?? #marah
anger,"Orang yang rampas hak orang , takan boleh duduk senang"
anger,"abis,yg di baikin pake hati, minta nya JANTUNG Marah mele SUSAH KE SIAPA? SENENG KE SIAPA !!"
sadness,"Pernah tak menangis bukan sebab sedih, tapi sebab geram sakit hati yang teramat sangat"
joy,aku speechless dpt tajuk senang sgt -.-
fear,"kalau nak dibilang hari, seriously, tinggal sebulan lebih je lgi sebelum result keluar. .#takut"
fear,Hujanmko asalkan tidak pake angin kencang kodong . #takut
joy,Teimksh ya tuhan .. Begitu senang hari ini
sadness,"tapi ttp sedih kalo inget JARAK terlalu jauh, terlalu menyedihkan dan terlalu merepotkan :("
fear,"Lho, mak.e wes turu jebule, lha seng abane isah-isah nek pawon sopo? jangan-jangan.. #serem #takut #masihmelek #sendirian"
fear,"Saya hanya ingin berada di tempat yang aman, tidak peduli dimana,"
fear,This upcoming monday !!!! Ups result nak keluar. #takut
anger,Gak usah acting sok baik deh! Jijik yang ada
sadness,Setiap jam mesti aku akan teringat dekat Mak Abah. Seperti macam ada sesuatu yang tidak senang duduk
fear,"AH....!,serem banget sih mae showimah hari ini. memang bener* serem. :( #takut"
joy,"Nganterin abang Akram didikan subuh ke mesjid, sekalian jalan pagi bareng adek Evan.. #senang selalu bisa kumpul bersama"
anger,gausah dianggep orang-orang yg sirik mah. mereka cuma sampah!
fear,Terbangun gara2 hujan dan gluduk gede .. #takut
fear,":)..KABUR aja dah gua_soal nya kaga berani ke situ,ada kucing noh #takut :'("
fear,pliss jgn mati lampu #takut dwean :( 
sadness,iyaa kak . tiba2 pergi gitu .padahal baru mau aku mention .sedih banget kan kak?
sadness,"lagu christina aguilera hurt ,pesan dilagunya sedih bgt jadi teringat masa lalu"
joy,sedih ataupun senang..saat saat terbaikku adalah saat bersamamu
joy,#senang itu jika diwaktu tidur kta sedang bermimpi tentang pertunjukkan clarinet
sadness,"Iya aku baru ingat dia dulu pernah lelah menunggu aku yang menganggapnya hanya teman, dan saat ini aku yang lelah menunggumu untuk kembali memelukku lagi."
fear,Mudah-mudahhan dapet bagus!!#takut
fear,Lama sekali kawan satu ini #takut telat
anger,SUMPAH!AKU SUDAH MUAK! #gakakanmungkinsadar #kecewa #marah #jenuh
joy,"saya resmi anggota fans club Barca penya Indonesia, #gembira #nangis #bahagia"
fear,Hujan nya berhenti ehh petir nya menggelegar ketinggalan #takut
fear,YA ALLAH Cobaan apalagi yang engkau berikan kepada hambau ini yaallah GEMPA semakin kuat #TAKUT
sadness,Sedih gk bisa keluar hari sabtu :'( gereja selesai jam 12an
fear,lagi menyiapkan strategi agr bisa melarikan diri kalau hri Jumat... #Takut dikerjain sm tmand2 dikleas
fear,Mbak umi kalau tidur sukanya ngelindur #takut
fear,"Paling gak suka kalo ujan'na disertai angin + petir,,, #takut"
sadness,"Hidup ini pilihan, apapun yang membuatmu sedih, tinggalkan. Dan apapun yang membuatmu tersenyum, jangan lepaskan"
sadness,"Kalau dicuekin gak bisa cuek balik, marah, gak bisa marah balik, kangen cuma bisa mendem doang, kalau sedih ya paling diam"
sadness,"segini kejamnya ya cinta dapat membutakan mata,hati,telinga. senang diawal,sedih diakhir. gampang cinta,susah ngelupain."
sadness,Dulu orang tahu beda hitam dan putih sekarang org lupa dan melumrahkan yg abu abu sebagai landasan pola pikir untuk bertindak
joy,Syukurlah =D ikut senang
sadness,"Dgn kondisi panik nelp tante, sepupu, temen buat ke rumah bantuin nyelamatin barang2. Perasaan campur aduk sedih panik bingung ga berdaya."
anger,Suka sedih gua liat lo mau jatohin gua ngga bisa makan tuh omongan lo
anger,"Ga harus ngomel-ngomel,bisa?!"
fear,dapat nightmare ! #takut
anger,Sebel gue sama loe ???(?_�)????
fear,"Temenin tidur ma, malem ini aja . #takut terjadi lgi :'("
joy,"dengan senang hati, gw jg kyknya harus belajar bnyk, secara masih kecil"
sadness,Mau bahagia tapi disisi lain ada hal sedih
anger,kampret lu semua!! pada ngehargain punya gue !! kayak sendirinya bisa aja lu !! Njing !! #marah
anger,"Ini adik saya sedang keluar sama temannya, mungkin stres setelah baca banyak komentar yang macam-macam. Masak kita dibilang cari keuntungan lah, ini lah, itu lah, kasihan adik,"
sadness,iyaa kak .tiba2 pergi gitu .padahal baru mau aku mention .sedih bnget kan kak?
sadness,Begitu sedih melihat saudara-saudarku sedemikian jauhnya. Semoga Allah mengembalikan mereka ke jalan yang lurus
sadness,"Di dunia ini banyak orang senang akan cinta, tapi hanya sedikit yang menerima kenyataan ketika cinta itu hilang"
joy,Hai oleh2 lombok #senang :D
fear,"pagi"" hujan ,, di kelas cuma sendiri.. #takut"
anger,"jualannya ngga usah nge tag dong, promo di wall sendiri aja. pegel tau ngapusinnya walau di setting tetep aja ganggu #marah"
joy,senang senang
anger,LO SAYANG TAPI LO TERUS NYAKITIN!!
joy,"Lakuin apa yang bisa membuat mu senang :')"""
joy,"Senang bisa mengenal sosokmu, walaupun belum pernah kurasakan hangatnya sinar mata dan jemarimu. Terima kasih. :')"
anger,SOK KECE TAPI GAK MODAL!!
fear,"#Ganggu ada, kalo mendadak mati lampu, jd susah tidur, #takut gelap"
sadness,Dulu orang tahu beda hitam dan putih sekarang org lupa dan melumrahkan yg abu abu sebagai landasan pola pikir untuk bertindak
sadness,"Udah semingguan ga ada kabar wkwkwkwk Akunya sibuk ngurus rapot sama ijazah anak :""( Terus ga nanya kabarnya dia juga selama seminggu Sahabat macam apa kamu :""("
anger,malan minggu cilaka ' kacau semuaaa #marah
sadness,Hidup tak selalu indah. Kadang kadang kita gembira. Kadang kadang kita sedih. Itu lumrah kehidupan
anger,KELAKUAN LO GATAU DIRI!!
sadness,Sedih . :( 
sadness,"gue lap air mata yn tadi.""lo jgn nangis,klau lo nangis gue bakalan sedih yn. smile okey""gue pergang sudut bibir yn dan membentuk senyum"
sadness,Ketika #Virgo sedang sedih biasanya ia lebih memilih untuk menyendiri
anger,"Saya inikan sudah selesai bertugas sejak hari Minggu. Dan sekarang Plh Gubernurnya, Pak Saefullah. Jadi, memang tidak ada kewajiban dari saya dalam konstitusional untuk hadir di dalam pelantikan maupun Sertijab,"
joy,"sebenarnya buah hati kekuatan kita juga,,haha.. bila dgn dia kita rasa #bahagia,, rasa amat-amat #gembira dan #bahagia"
fear,pentolan takut sama geng motor mainnya bacok2an sih.#takut
sadness,kapan kita jalan bareng lagi yank aku pengen #sedih
fear,Asli tadi pljaran bhasa arab ..sawan bdak yg maen hp tu.. Smueny diam tdak ad yg ngomng... Baru kli itu liat bpak marah #takut
fear,wah jalan belakang rumah #bawak ketinggian air mencapai dada n pinggul orang dewasa tdi mlem.#takut
anger,Ngatain orang pesek !! Sendirinya aja pesek ??? (?_?x!)
joy,aseeek dapat baju gaul dari admin #senang
anger,"Pemakzulan memang akan menciptakan kekacauan dan menjadi urusan yang kontroversial, tapi kemungkinan lainnya - tiga tahun mengalami disfungsi - lebih buruk,"
anger,Terserah orang mau bilang apa ttg gua!!! Karna ini hidup ku bukan hidup Anda!!! #Marah
fear,Ya Allah kencang. y angin. #takut
fear,Aku tkut kau jd org gendt. #eh emg udh gndt
fear,"Temenin tidur ma, malem ini ajh. #takut terjadi lgi :'("
fear,ada p dg prasaan ini seperti menghawatirkan sesuatu sgt2 khawatir #takut
fear,rumah sepi semua pada pergi:-( #takut
fear,Terbangun gara2 hujaan dan gluduk gede .. #takut
joy,"dimana pun jadi , asal abang senang wakaka"
joy,"Akhir""y bisa nonton @SMASHindonesia jga,, #senang"
anger,"BUKANNYA GUE TAKUT, TAPI GUE MALES AJA NGELADENIN ORANG TOLOL KAYAK LO!!"
sadness,sedih amat nasip gw ._.
anger,SUSAH NGELEPASIN LO BEGITU AJA!!
anger,"MENDING CANTIK LOE , JELEK aja BE LA GU UUU !!"
fear,dirumah sendiri sampai malam #takut
fear,Dagdigdug-_- #takut
joy,Senang deh kalo nanya sm org dijawabnya ramah :) ga pake judes
joy,aku senang sayang :-D
fear,ihhh jd serem deh d kota ku ada org yg bunuh diri gara2 ketauan cowonya selingkuh
fear,Aduhhhh anginnya kencang bgt nichhhh...#takut
anger,punya printer eror bae! #marah
joy,mkin brtambah aja niech followers mga aja mkin bnyak lg #senang
joy,alhamdulilah ya allah.. target sem lepas tercapai.. alhamdulilah syukur.. #gembira
sadness,Kalo lagi sedih aja larinya ke aku. Nah kalo lagi seneng larinya ke yang itu. Maunya apa?
fear,Kencang sekali Angin disini membuat Takut :(:'(
joy,tiDak tau harus bagaimaNa ? #seNang : tak bisa #marah : tak paNtas #biarkaN saja
anger,HIDUP LO GAK BAHAGIA YA?? KOK GANGGU HIDUP GUE  ?!!
fear,"Banyak perkara misteri yang berlaku minggu ni,,, #takut"
anger,KATANYA TEMEN? ITU TEMEN? GA ADA SOLIDARITASNYA SEDIKITPUN :))
joy,"ngga stres ko, senang!:D"
joy,Menjadi temanmu saja aku sudah senang..:)
joy,Asiknya nobar mha tman2 sekolah #senang
sadness,Berusaha membahagiakan org2 yg telah membahagiakanku saat susah/senang&menjadi yg terbaik utk mereka dgn tdk menyia2kan KEPERCAYAAN mereka
anger,kemana lo ? Udah lama ga sms gue? Mati lu yak ? Nyesekk
sadness,Masih sedih liat layar hp sendiri :(
sadness,"Ijazah mendadak nyelip tu, langsung tiba2 kebayang perjuangan dikampus, penelitian, skripsi, de el el. Emang ya kudu gak ada dulu, baru berasa."
fear,Hari ini tdurnya sendirian nenek sama ade gua nginep :3 #takut-_-
joy,Itu balon aku yg tiup :p Balonnya tetap bersinar walau mati lampu :) #gembira
joy,twitter baru heheh #senang
sadness,"aku sangat mengenalmu. aku juga cintai mu...tapi kau tak pernah ada pengertian. kau senang , ku sedih kau tak mau tau. #SONG :'("
anger,Mrah lu sno bdo amt emng gw pkirin #marah
joy,"sip sip besok futsal lagi, #GEMBIRA"
fear,PLN please nyalain lampu'a #takut
anger,"Sama seperti pernyataan [mantan Gubernur DKI] Basuki Tjahaja Purnama, niat jahat [mens rea] dan konteks dimana Sukmawati menyampaikan puisi itu bisa saja menjadi argumen hukum bahwa puisi itu bukanlah bentuk penodaan agama, melainkan bentuk kebebasan berpendapat setiap warga,"
fear,Ganggu aja ini anak mati lampu ditambah hujan saatnyaa pindah kamar mamakdanbapake #takut
joy,"Gak ppa,ko aq.. yng pnting u senang..it aj"
fear,Hari ini tidurnya sendirian nenek sama ade gua nginep :3 #takut-_-
fear,"Hujan,angin kencang ditambah guntur hmmmm #takut Ya Allah smga tdk terjadi apa, amin"
anger,Buat loe yang disana jangan sok PERFECT deh !! dasar kampung
sadness,"Teman baik saya ialah AIR MATA saya. Dia selalu ada bila saya gembira, bila saya sedih, bila saya rindukan seseorang"
sadness,bebb maap yee wkt pendadaranmu gk bs dateng #sedih
joy,Kemanamana hatiku senang haha
fear,Petirnya lumyan buat ttup kuping #takut
fear,"yaallah kepala q pusing prut q mual,,,,,, q takut pngaruh obt mlm td,,,, #takut"
joy,"Bila hati senang, ucapkan alhamdulillah :)"
fear,Di kelas ada orang gila... #takut
anger,Mati'kan terusss lampu #marah
joy,Akirnya kelar juga :D #senang
sadness,sedih rasanya kalau semuanya sakit tapi kalau sudah sehat gak ingt saama kesehatan
sadness,"Terus ngapain dibelinya skrg, klo nyuruh makenya pas uda nikah aja (?) #sedih"
sadness,"Bila sedih, ingat awak. Bila happy, ingat awak. Bila menangis, ingat awak. Bila ketawa, ingat awak sebab dekat hati saya"
anger,km dmn yank ? jalan gak ngajak2 yaaa -.- #marah
fear,awal buruk dibulan maret smga gk inget H13 #takut
sadness,moment gini ah paling sedih sekali. bila kau tak tau satu cerita yang dah gempak
fear,emang bener bener gila Camp amerika kalah Camp soda gilanya -_- #takut
sadness,"Innalillahi wa inna ilaihi rajiun. Kabar duka kembali menyelimuti Aceh. Pewaris Kesultanan Aceh, Teungku Putro Safiatuddin Cahya Nur Alam dikabarkan meninggal dunia di Kota Mataram, Nusa Tenggara Barat (NTB), Rabu (6/6/2018) sekira pukul 06.45 WITA. [URL]"
fear,"Hujan,angin kencang ditambah guntur hmmmm #takut Ya Allah smga tdk terjadi apa, amiiiiiin"
fear,"Banyak perkara misteri yang berlaku minggu ni,,, #takut"
joy,hari ini saya #senang sekali bisa dekat dengan anda #AW ...hehehehe
fear,Ya ampun kasar banget sih #Takut :(
joy,salam kenal juga say senang bs kenal kamu
anger,"Bisa saja subsidinya dari Pemprov DKI. Kenapa tidak,"
anger,"jualannya ngga usah nge tag dong, promo di wall sendiri aja. pegel tau ngapusinnya walau di setting tetep aja ganggu #marah"
joy,Ok ayaaang dgn senang hatii hihi love you
fear,Liat film Ghost bikin senam jantung pagi hari... #takut
joy,Kita akan merasa #Bahagia apabila orang berasa #Senang dengan kita dan mencintai diri kita seperti mencintai dirinya sendiri
joy,"kalo kaka ganteng satu ini berkenan mem Folback, saya akan senang sekali. Heheheh"
anger,GA SENENG SAMA GUE? BERANTEM SINI
joy,"welcome to back bg opie kumis, smoga bg opie awet d'pesbukers.. :) #senang"
joy,"Dua Kali Jebol Gawang Persija, Bepe Senang Sekaligus Sedih"
anger,Kalo gak tau apa-apa mending lo diem aja !
anger,TAU DEH YANG KAYA MAH
anger,Sebelum muka kau jadi punchbag aq . Baik kau blaaa!!!!.... #marah
sadness,"Terkadang orang suka berpura-pura bahagia, karena senyum palsu lebih mudah dilakukan daripada menjelaskan kenapa mereka sedih"
sadness,"Disaat cewe mulai lelah akan semua,sedih akan keadaan. Mungkin air matalah penyelesaianya. Bukan cengeng, Tp masalah hati."
fear,Habis ada maling di kompleks q.. #takut
sadness,Jangan katakan cinta..Menambah beban rasaaaaaaa. Sudah simpan rasa sedih mu
fear,Gludug gludug #takut
joy,:* I love and miss u Mom.. :* #Senang bngetz.. ;)
joy,kejutan di sabtu pagi. nggak bakal disangka #senang
anger,Jijik banget gue liat loe!!!#Kesel #Marah ><
joy,antung kami akan berdetak sangat cepat ketika membuka album One Direction yang kami beli. Rasa senang & bahagia #Directioners
joy,Senangx klo VBW q bersih. #senang senang senang
fear,Kencang sekali Angin disini membuat Takut :(:'(
fear,"katene turu ae hujan petir segala,,yakopo iki rek... #Takut"
fear,"Dalam menyongsong industri 4.0 ini, kami khawatir tenaga manusia tergantikan robot,"
anger,"nak tegur tu , tegur dengan cara yang baik and sopan . bukannya dengan cara perlkelahian , marah . ==!"
joy,#Leo ini senang banget kalau diperhatiin sama pasangannya
anger,Temen macam apa lo
anger,HIDUP LO GAK BAHAGIA YA?? KOK GANGGU HIDUP GUE?!!
joy,Orang yang lagi senang itu koq tersenyum terus ya.. #senang
joy,Aku paling #senang banyak #sahabat dari pacar
anger,Adei. Mak marah pulak aku puasa tak bangun sahur.
anger,MAIN TAMPOL-TAMPOLAN JUGA BERANI KOK SAMA LO
fear,Pulang cepet karna suasana tdk mendukung #takut
joy,dpt krman lagu td sore. #senang
fear,"ih serem banget si , tadi yang manggil gua nur . gua kirain bang gua terus itu siapa yg manggil ?? #takut :("
anger,HARTA ORANGTUA KOK DIBANGGAIN? HAHAHA TOLOL :))))
sadness,"Akulah yg mnjdi satu""ny ksdihnmu :') maafkn ak yg tlh brpaling dri mu & mmilih diriny"
sadness,"Kalo cewek lg sedih, dia bakal support dirinya sendiri. Supaya gak nangis, supaya kuat dan tegar. Tapi ya, tetep juga ngeluarin air mata."
fear,efek kebanjiran ular masuk rumah #takut :(
fear,Seram dengar cerita hantu #Takut
joy,"Eh trnYta tidak..aq senang sekali,dia selalu membalas sms q,mengangkat telp q..dia terasa selalu dekat dengan q..hmmm..tp tetap aq rindu"
joy,Duduk jauh-jauh . Senang cerita
sadness,"Yaallah beri ia pacar baru, yang nerimo yang gemati yang gak pelit yang mau bayarin makan yang suka ngajak duluan yang gak rewel. Biar sakit hatinya ilang. amin"
joy,Hari kasih sayang ... (^_^) #Gembira
fear,emang bener bener gila Camp amerika kalah Camp soda gilanya -_- #takut
joy,"alhmdlh mkan enak, prbaikn gizi #senang :-)"
anger,GUE MAH BODO AMAT
anger,PUNYA OTAK KAN?? MIKIR DONG KALAU KELAKUAN LO ITU BIKIN SAKIT HATI!!
anger,yaudah deh kalo gamau ngasih tau mah cukup tau sama kamu #marah
anger,MERASA JAGOAN LO ?
sadness,"YaAllah, sedih ngliat ponakan2 ku sakit, berasa anak sendiri :( cepet sembuh sayang, ({}) smoga sehat selalu"
sadness,"Sahabat adalah mereka yg mampu melihat sedih di balik senyummu, sayang di balik amarahmu, dan kata di balik diammu "
joy,Kenyang #senang
anger,LO ANCUR ANCUR SENDIRI AJE GA USAH NGAJAK-NGAJAK GUE
joy,Alhamdulillah .... Mksh ya syg ... #senang #dgr #customer suka sm brg yg di order Ditunggu orderannya
sadness,Cinta monyet doang kyknya sedih amat
joy,alhamdulillah..selesai makan yg dimasak oleh kak mas #kenyang #gembira
sadness,"Siapa yg melakukan itu ke aku? Ya, teman-teman yg mostly adalah perempuan juga. Udah ga heran ngeliat perempuan dijahatin sesama perempuan. Aku pun mengalami"
sadness,"  salah satunya krna terutama pejabat negeri ini suka mencari cari kesalahan / kelemahan pejabat lainnya, bukan sama sama cari solusi bgmn bangsa ini bisa maju dan berkarya.."
anger,PAGI-PAGI UDAH KESEL NGELIAT MUKA LO YANG KAYAK TAI!!
anger,YAH ELAH KAMPUNG!!
fear,Habis ada maling di kompleks q .. #takut
joy,"hmm, hello back deh, asal teman ku ini senang, pauhaah! :pp"
sadness,"Ada aja yang nyinyir tentang hijrah ""Kamu hijrah cuma pengen mndapatkan yang baik. Dengan modal dalil yang baik akan di satukan dengan yang baik"" Hmmm bingung deh sama orang yang sepertinya gk happy melihat orang lain merubah dirinya untuk mnjadi lebih baik "
fear,degdegan setiap seperti ini. #takut
fear,Emm esok present Sejarah . Harap lancar je la esok :3 #Takut
fear,#takut dia knapa-knapa :(
joy,Apapun yang bikin lu senang. Keep it
anger,Anak baru aja belagu ... Minta di TAMPOL
sadness,"woyy,jangan cuek dg aku!!"" 'sedih broo:')"
anger,"Saya ingin menggarisbawahi ini pelanggaran yang dilakukan dan diketahui oleh semua pekerja yang ada di situ. Jadi, jangan memberi kesan tidak tahu dan jadi korban,"
fear,"AH....!,serem banget sih mae showimah hari ini. memang bener* serem. :( #takut"
anger,NGACA DULU BARU NGOMONG
fear,"wah low nnton d rmah masing2, q jadi uji nyali soal'y nnton'y tengah malam trus sendirian lgi #takut"
fear,"Kalau enggak, saya enggak berani tanda tangan,"
sadness,"Kamu bisa memilih ingin bahagia atau sedih, dan apa yg kamu pilih itulah yg akan km dapatkan"
fear,Lip ! Aku mau msukin foto yg itu tp ga jdi #takut
sadness,Sedih Pulak :') 
sadness,"Gabisa tidur! Males bongkarin, tidur pake jeans, berharap segera pagi. Pagi tiba, lgsg naik bus pertama yg lewat depan kos. dengan koper2ku. Sampe Malang dg kudu nangis. Takkusangka ada travel agent yg sedemikian busyuuk."
fear,Aku takut kau jd org gendut. #eh emg udh gendut
sadness,Sedih adalah sakit tenggorokan dan gabisa nyanyi :'(
anger,Jangan banyak gaya! Gaya boleh asal jangan pake duit orangtua
sadness,Bu lulus ini nggak bisa ngertiin orang lagi sedih ya:'
sadness,"Ngerasa sedih aja gitu, tapi gak tau apa yg di sedihin."
fear,"Aduuhh,,tlng bngt dong jngn gnggu,,kan gw gk jailin.#takut"
joy,"Itulah cinta yang sebenarnya bro.. Tanpa syarat, susah senang dipikul bersama.. :"
fear,wew serem hujan'a -_- #takut
joy,"met siang oca,,met kenall dgn dodyy...senang pnya ttman kamu"
sadness,"Bls ih , klo mention punya orng mah dibls ari yg aku engga :( #Sedih"
sadness,"Berantem-putus-baikan-balikan-putus lagi-jelek2in !! Banyak tuh yang kaya gitu,sedih banget !!"
joy,sellu dengar suaranya :) #senang
sadness,Pengen deh jadi anak band tapi gabisa nge band :D perih men di tikung ku anak band wae :(
joy,"Main"" sampe puasss.....#senang"
fear,#takut dia kenapa-kenapa :(
joy,#senang bisa ketemu ama nabila hafes and tari ({}) :*
fear,Ya allah jaga hamba dr orang2 yg berniat jahat... dan berpikir buruk tenatng hamba.... #Takut kaya gitu
anger,Omongan loe bisa di jaga ga siih ahh .. Ngatain org seenaknya aja ??? (?_?x!)
fear,"Malam ini stay dirumah saja, klo keluar nanti di culik cabe-cabean. #Takut"
anger,Dongo mah dongo aje !
fear,"ASTAGFIRLOH ni burung tiap malm bunyi n lewat mulu daerah rumah gua, haduh jantung dah gua #takut"
anger,GA PANTES DIKASIH HATI LO!!
joy,Cuaca panas gini buat aku senang dpt mimpi lena (y)
sadness,sedih amat nasip gw ._.
joy,Kalau sayang tak semestinya kena 'couple' tapi cukuplah dengan hubungan yang sentiasa membuat kita tersenyum dan senang
joy,"#gemini mempunyai prinsip ""susah senang slalu bersama""yg membuat dia menjadi istimewa :)"
joy,tak usah berlebihan. senang liat kalian tersenyum. cukup jadi adek yg baik :)
anger,Bangun tidur malah dimarah-marah -_- fuckmen!
fear,Kaget bangun gara-gara mimpi buruk #takut
joy,Fokus taa!{}
joy,akhirnya saya bisa bertatap muka dengan syeikh fikri :-)
anger,Sebelum muka kau jadi punchbag aq. Baik kau blaaa!!!!.... #marah
anger,NGURUS DIRI SENDIRI AJA LO GAK BECUS!!
joy,dengan senang hati li :))
joy,"yang penting hati senang, dompet bokek hati tenang"
anger,"Kita belum ada pengaduan. Jika ada pengaduan ke DKPP kita akan menindaklanjuti dengan bersidang. Diputuskan bersama di DKPP,"
anger,"pada ga setia kawan banget lo , tinggalin gue"
fear,ada p dg perasaan ini seperti menghawatirkan sesuatu sangat2 khawatir #takut
anger,Jangan egois! Lo hidup di dunia ini itu gak sendirian bro
fear,saya pikir kami berada di kekhawatiran yang sangat luar biasa. Saya benar-benar takut akan hal ini. Satu kecelakaan cukup untuk memicu sesuatu yang besar.
joy,senang bisa membantu :)
anger,najos.. Kaga ngajak.. Beneran lu ler.. #marah mau amuk muka lu
anger,GUE KUAT KOK TANPA LO!!!
anger,"SEBELOM LO NAKAL BEGITU, GUE UDAH DARI DULU WOI!! HAHA BELAGU"
anger,BARU PACARAN AJA UDAH NGATUR-NGATUR LO TAI!!
joy,Bekerja atas dorongan cinta akan terasa senang tiada jemu dan lelah
sadness,Bila sakit hati sedih or bagai aku nk makan!
fear,"Masih diskolah, ada pak trezka untung ga diomelin . #takut"
joy,Semoga senang selalu
anger,NGGA PENTING JUGA NGURUSIN HIDUP LO
sadness,"Ketika sedih, kecewa, & masalah melandaku, aku cuman bisa senyum untuk menutupi itu semua."
anger,dah lama aku bersabar dgn kau . kau jgn nak kasih aku marah
fear,"Ok belajar.. takut di omelin sama kakak gua ini kalo udah marah bisa"" dia makan orokO -__-"" banting piring"
joy,"Kalo udah dateng teman jadi senang . Mau minta uang, kalo ngga dikasih modus aja pinjem . Ngga di balikin juga hehehe"
sadness,Aku sedih.. :'( ada yg bisa menghapus dukaku?? Aku kecewa.. :'( ada yg bisa menghapus kekecewaanku ??
sadness,Penat sngat.. :( mase nie lah dia xfhm.. #sedih
sadness,"Woah... buat urusan difitnah, dimusuhin, dibikin gamau sekolah gara2 gaada yg mau temenan, trauma setiap minggu malam karena besok paginya sekolah, dibikin malu didepan banyak orang. Aku sudah melewati itu semua."
joy,Aku senang :D
fear,Gua ngambil hp nya diem diem.. Haha #takut
anger,Kenapa gue bisa punya TETANGGA kayak LOE .. Yang bisanya ngikutin GAYA orang doank !!
fear,Deg2an IPK q smester nie brp ya?! #takut low gk memuaskan
fear,"ih serem banget si , tadi yang manggil gua nur . gua kirain bang gua terus itu siapa yg manggil ?? #takut :("
sadness,Lebih baik sakit hati atau sakit gigi?? Rasanya dahsyat abis cabut gigi inih #sedih
anger,EMPAT KATA BUAT LOE  --->> MAMPUS GAK PUNYA TEMEN
anger,SUMPAH!AKU SUDAH MUAK! #gakakanmungkinsadar #kecewa #marah #jenuh
fear,hujannya serem bgt #takut #kebangun #bergetar #terguncang
anger,Gak usah acting sok baik deh! Jijik yang ada
sadness,Gue ga mau orang disekitar gue sedih. gue pengen mereka bahagia
anger,sumpah w ga seneng punya kakak kayak lu.... :-@ bisa'a tuh ngajak berantem mulu... :-@ #KESEL #MARAH :-@
sadness,"Impianku ngga muluk-muluk, saat kamu sedih dan bahagia aku ingin jadi satu-satunya orang yang kamu peluk"
fear,#takut sgt malam2 pulak ada orang histeria
anger,Hidup lo ya hidup lo ! Hidup gue ya hidup gue ! Jadi ngga usah usil!
anger,mampus lu keluarga lu @Farhatabaslaw hancur ! KARMA lu makannya jngan suka ngebully orang! Lu yg kena sendiri !
anger,asli bangke' bangeettt...!!!!! #marah
anger,what the fuck are you meraba-raba org.... #marah
sadness,"Sangat sedih Bu Risma mengundurkan diri. Terima kasih untuk ketulusan & komitmennya, Bu. Saya bangga msh ada org spt Ibu di negara ini. :"")"
anger,GUE GA PEDULI LO MAU NGOMONG APAAN
joy,Senang hatikuuuuuu lalaalla
fear,"Serem jendela kebuka sendiri , #ngacir #kabur #takut #melukbantal"
sadness,Rindu nk post kat wechat but xboleh sbb xnk tunjuk diri kat org wcht tu .. #sedih
fear,Agak2 esok ade jeritan keramat macam td x? hmmmm #seram #histeria #takut
sadness,Mintalah maaf bila merasa bersalah dan jgn sedih krn dia tak memaafkanmu. Anda tdk dianjurkan mengais kata maaf dari mulutnya.
sadness,"rangorang sibuk mikirin nastar, sy masih mikirin gimana ini needle automatic microneedlingnya belum dateng, apparently im so behind at kultur lebaran. As if eating nastar is religous moment "
anger,SUSAH NGADEPIN ORANG GA PEKA KAYAK LO !!
sadness,Saya sedih. Galau. Laper. Jomblo pula wk
anger,Ketidak adilan terkadang sangat menyakitkan sedang kita tidak bisa berbuat apa #marah
sadness,Lebih baik sakit hati atau sakit gigi?? Rasanya dahsyat abis cabut gigi inih #sedih
fear,Malam2 gini ko'ada yg nyetel langgam jawa sih?? #takut
fear,Menolak di rongseng #takut
joy,Saya sendiri ada collection miniature perfume. Senang nak bawa kemane2 sebab kecil
anger,SUSAH NGADEPIN ORANG GA PEKA KAYAK LO!!
anger,Masih mau MARAH-MARAH bawaannya
fear,Anjing kurang kerjaan. Darh tadi gong gong terus. #Takut
anger,MASIH AJE NGOMONGIN GUE DARI BELAKANG!! LO PIKIR GUE GATAU?
fear,Ada awal pasti ada akhir itulah aturan dunia ne kdg q #takut dgn yg nmx akhir it
sadness,"Nyaman = ketika punya pacar yang mampu menghibur saat kita lagi sedih, mengaku salah bila memang salah, pengertian, humoris & romantis."
joy,"setelah merasakan berhari-hari panas yg luar biasa, akhirnya skrngpun hujan #senang"
joy,Kenapa mimpi yg dulu jadi kenyataan di bulan sekarang ya? #dejavu #sedih #gembira
fear,Ada mata-mata dirumah ku. :( #takut
sadness,Kadang kadang saya rasa sedih bila awak menghilang . Sebab masa tu saya tengah rindukan awak dan saya perlukan awak
joy,aq suke sgt test calculus tadi.memang 'senang'haha
fear,dapat nightmare ! #takut
joy,senang sekali
anger,"kaLo nyuruh gue , ngomong baikbaik keq .. ini mah maLah ngomeLngomeL .. dasar mantan sok IYE !!"
sadness,"Awak selalu berjanji, tapi awak tak pernah tunaikan janji awk. Saya sedih,, Tapi takpa saya sabar selagi mampu."
sadness,"Jika punyai perpisahan antara kita, percayalah bahawa Allah punyai rencana lebih hebat daripada kita. Kita jumpa dalam doa. Jangan sedih"
joy,Yey bsk Valentine day tapi gua belom punya kopel yee \._./ #gembira
joy,"sebagian odojers, senang bisa kenal kalian"
joy,"sbnyk apun tman qt saat #senang, tp blm tntu mreka da saat qt #sedih , #susah"
sadness,"13:23 WIB Saya benar benar kehilangan sosok laki laki yang merawat saya dari kecil, mendidik saya, merawat saya, melindungi saya, Dan saya benar benar kehilangan. Semoga tenang disana, semoga anakmu ini bisa menjadi anak yang berguna "
joy,asyyikk besok motor datang ninja RR 2013 #senang
joy,CongratZ.. awak da jadik ibu.. harap awak and baby awk dln keadaan sihat .. Moga rezeki ank melimpah ruah pada awk #gembira
sadness,"Jika punyai perpisahan antara kita, percayalah bahawa Allah punyai rencana lebih hebat daripada kita. Kita jumpa dalam doa. Jangan sedih"
anger,Setuju banget! Kl perlu lakukan hal yang sama! #marah
joy,"OMG,, dia ngajak tukaran kado ya ampun mimpi apa aku semalam. #senang"
fear,"astaghfirullah,, ya Allah knp mati lampu.. :( #takut"
sadness,"Mata akan tampak turun ketika sedih, terbuka lebar ketika takut, terlihat tidak fokus ketika sedang berkhayal."
fear,"Geledeknya nyeremin, kilatnya kayak lampu disko. #takut"
joy,Msih pmbaruan!!! #Gembira
fear,Bukannya gak mw temenan tp takut #takut
anger,setiap gue liat muka loe rasanya pengen MUNTAH tau gakk !!
fear,angin kencank disertai dgn petir. . . #takut
joy,Wah besok libur.. #senang
joy,terima kasih udh mau follback...ngimpi apa ya semalam #senang
sadness,"Iya e mas aku cuma mentingin ngaji dan ngejar khataman dulu. Ndak bisa tiap waktu ngabarin halo kamu lagi ngapain. Kalo cuma jadi bahan biar kuat merasa tersakiti banget mah,mas ngapain dulu mau sama aku ehe"
joy,Bus Trans Padang Gratis Sampai Akhir Bulan February.......!!!!! #SENANG
sadness,Terlalu miris melihat org yg berkedok apa laginseorg oendidik agama namun tak pernah bijak menggunakan tata bahasa menyinggung org lewat media sosial.
anger,DASAR anak mami .. kalo gak di temenin NGADU !! NAJIS GUE MAH
anger,tingkah mu seperti anak kecil aja #marah
sadness,Selamat jalan my opet :'(
fear,"Bgini ni,,klo udh sndirian drmh,psti dieem dpojokan,,memperhatikan skeliling. #takut"
sadness,"Manusia manapun pasti kan sedih jika orang dicintainya berubah, ya seperti itulah perasaan di hati gw. Gw kangen lo yg"
fear,Gmna mw klwr rumah klo ada orng aneh di dpn rmh.. #takut bgt
sadness,"Bila sedih, ingat awak. Bila happy, ingat awak. Bila menangis, ingat awak. Bila ketawa, ingat awak sebab dekat hati saya"
sadness,Teringat masa masa indah dulu Saat semua masih bersama Disaat senang sedihpun juga kita lalui
joy,alhamdulilLah .. Ud lahiran .. Ujan lg tu .. #senang
sadness,"kalau tak mampu buat orang lain bahagia, jangan buat orang lain sedih & tak bahagia."
sadness,Bahkan aku bersyukur kalau pernah merasa sedih. Kerenanya aku tahu bahagia itu mahal harganya
sadness,"Hari demi hari chatting, demi chatting obrolan semakin pendek balas pun semakin lambat. Hingga ketika kamu menghilang tak ada kabar, kita akhirnya menjadi orang asing. [URL]"
anger,paling benci sama orang yang suka ngikutin gaya gue ???(?_�)????
fear,Udah 2 hari padang hujan !! :/ -_- #takut :(
fear,"LES itu merupakan penyakit inflamasi sistemik autoimun yang dapat menyerang berbagai bagian tubuh (kulit, sendi, sistem syaraf, ginjal, jantung, paru, sel darah dan sebagainya),"
joy,makasih permennya :) :D #senang
sadness,sekilas kenangan terbayang lagi :( #sedih
fear,batok berdarah :-o :'( #takut
fear,miris bgd..harus ada perdebatan seperti ini..ma'afin iak pak??? #kasian #takut #sedikit me'yesal
fear,"Nnton film horor \""/ #takut"
fear,"Lho, mak.e wes turu jebule, lha seng abane isah-isah nek pawon sopo? jangan-jangan.. #serem #takut #masihmelek #sendirian"
fear,"Ngungsi, balik, ngungsi (lagi), balik (lagi), ngungsi (lagi), balik (lagi). --"" #longsor #takut kebanjiran"
sadness,huhuhu aku menghadapi situasi sebegitu skng.. :'( #sedih #masihbertahan #sampaibile
fear,Lip ! Aku mau msukin foto yg itu tp ga jdi #takut
sadness,dunia ini panggung sandiwaaa :( #sedih
fear,"Ok belajar.. takut di omelin sama kakak gua ini kalo udah marah bisa"" dia makan orokO -__-"" banting piring"
fear,"bahkan diprediksi ukuran NIBIRU hampir mendekati ukuran BUMI, dan parahnya diketahui NIBIRU akan menghantam BUMI diawal abad ke-21 #takut"
anger,YAELAH NGACA WOI!!
fear,Jam 3 belum bisa tidur. Deg-degan proses besok #Takut
anger,"Oleh Sunan Kalijaga bahkan diisi nilai ajaran Islam. Ini Islam Nusantara, Islam yang menjadikan budaya sebagai infrastruktur agama. Agama berlandaskan kebudayaan,"
anger,"Kami temukan para TKA ini yang bekerja baik bidang tenaga ahli atau kasar, untuk yang ahli pun sebetulnya dalam pemeriksaan kami. Pekerjaan yang mereka lakukan bisa dikerjakan oleh tenaga dari Indonesia dan ada juga yang kasar di peleburan,"
fear,batok berdarah :-o :'( #takut
joy,yey dpt jugak steback... #gembira nya akuuu
sadness,belum nangis kok baru sedih doang:(
anger,DIMANA OTAK LO?!
sadness,"Kamu jangan sedih, nanti ibu pertiwi ikutan sedih lho"
fear,Kilat stop jua .... #takut
fear,Panas tinggi #takut
joy,Besok masuk sekolah hore #gembira
joy,ada2 aja...bener2 asal bapak senang
sadness,"Tiap habis mandi terus oles-oles krim muka pasti jadi sedih, kulit muka jadi ga karuan gini sejak di Kalimantan."
fear,"haft,- jadi ngebayangin yang enggak2 :"" masyaAllah :"" #takut"
joy,"Alhamdulillah, ternyata kamu berangkat juga sayang, hati ini kangen banget, semalam mimpikan kamu.#Senang"
sadness,"kalau aku sedih, apakah aku membuatmu sedih? tentu karena aku sahabatmu"
joy,senyuman pertama manis sekali. #senang :D
anger,"Tidak keramas, Anda membuat situasi semakin buruk,"
anger,"Ngeselin itu ketika pacar gak sepenuhnya jujur sama kita, masih ada yg diumpet2in, gak blak2an. Kesan nya kaku banget. Itu yg gaenak. #Marah"
anger,BACOT LO GEDE TAPI TUKANG NGADU!!
sadness,Sedih gk bisa keluar hari sabtu :'( gereja selesai jam 12an
fear,pulang malam lagi. . . #takut
anger,"GUE JOMBLO, TAPI GUE BAHAGIA. EMANGNYA ELOOOO"
joy,Berfikir Positif dan Senang
sadness,"Mata akan tampak turun ketika sedih, terbuka lebar ketika takut, terlihat tidak fokus ketika sedang berkhayal."
sadness,gimana gue gak sedih besok gue ultah lo belom ngasih tau siapa bapak gue :( simak macem apa lo gue nanya skg :(
joy,"Yap! Bener banget, hari ini adalah hari terakhir PKL... #senang"
anger,GAYA LO SOK BANGET FAK!! LO PIKIR LO SEGALANYA??
sadness,"Gara2 mati lampu, gk jdi nnton koko #SSE #sedih"
joy,senang acara seperti itu digalakkan untuk Indonesia Satu
joy,"Lahir Juli, biasanya sangat senang berada disamping sang kekasih, selalu mengatakan hal yg jujur, sensitif tapi mudah memaafkan"
anger,Gak ditemenin masa NGADU ke bokap nya .. Najis ieh .. Anak pengaduu dasar !!
sadness,"#Libra pasti ikut bahagia melihat sahabatnya bahagia. Begitu juga jika sahabatnya mendapat musibah, mereka juga ikut sedih."
fear,Kan pak retno masih mending dari pada Pak Yuwono Guru Sejarahku :( #Takut
anger,UDAH!! GUE UDAH MARAH!! NGGA MAU BALES
anger,"jangan nasehatin orang mulu, kali-kali nasehatin diri lo sendiri yang makin ga bermutu !"
joy,hehe iya cess senang aku dia udh datang... Bersih kali dia bercahaya wajah ny.. :D
joy,"Orang yg tidak senang dengan lo akan berusaha menjelekkan diri lo, bersabarlah dan doakan dirinya :)"
sadness," ya gimana ya lin, coba deh mbok pikir aja km sbnre msh sayang bgt sama mantanmu trs dia jg smpe dtk ini msh memperlakukan km sama seperti pas dia msh jd pacar mu, kan jd memupuk rasa lagi nek gt :("
anger,"KENAPA HARUS SATU SEKOLAH SAMA LOE , MUAK GUE LIAT MUKA LOE"
fear,sosok om ku yg seram membuatku takut keluar kamar :3 #takut
sadness,"kalau lagi bahagia jangan lupa bagi bagi, agar Tuhan membagi bebanmu pada saat kamu sedih dan kecewa"
anger,MAIN TAMPOL-TAMPOLAN JUGA BERANI KOK SAMA LO
joy,membuat dengan perasaan senang akan membuat kue jadi terasa lebih nikmat Bahagia kok si kami terus belajar tugas ulangan TO.senang sekali.kamu taun depan
anger,MAU DIBILANG APAAN SIH LO? KAMPUNGAN?
sadness,Akhir2 tulang blakang q makin skit. Makin tdk mampu tuk tahan. Tpi takut mama sedih klu tau saya sakit apa. Maafkan sa mama.
sadness,"Gara2 mati lampu, gk jdi nnton koko #SSE #sedih"
fear,Asli tadi pelajaran bahasa arab ..sawan bdak yg maen hp tu.. Semuanya diam tidak ad yg ngomong... Baru kali itu liat bapak marah #takut
anger,"Seorang pengguna menemukan stiker GIF ofensif di perpustakaan kami, dan kami segera menghapusnya sesuai pedoman konten kami,"
fear,Deg2an IPK q smester nie brp ya?! #takut low gk memuaskan
anger,gua lebih baik punya temen satu daripada punya temen banyak tapi nyakitin hati!!!!!
fear,"Begini ni,, klo udh sendirian dirumah, pasti diem dipojokan,,memperhatikan sekeliling. #takut"
sadness,"smtime bkn krn kebohongan utk membenci ssorg, tp krn sedih menerima kenyataan bahwa ia tak bisa lg dipercaya :')"
sadness,"itukan karna aku sayang kamu, ga mau kamu sedih."
fear,Tinggal hari ni je utk praktis! #takut
fear,"Nggak ada, tiba-tiba ada bunyi krek langsung ambruk. Kejadiannya cepet banget enggak kebayang itu. Saya trauma lihat temen-temen jatuh semua dan mau dioperasi,"
sadness,"Hari demi hari chatting, demi chatting obrolan semakin pendek balas pun semakin lambat. Hingga ketika kamu menghilang tak ada kabar, kita akhirnya menjadi orang asing. [URL]"
joy,"Temen yg baik tuh yg selalu ada buat temennya,bukan yang selalu ada disaat dia senang doang!;)))"
sadness,#selamat untuk para peserta #ILAC yg lolos berangkat ke bali..#sedih tahun ini tidak ikut #miris
fear,Panas tinggi #takut
anger,gua lebih baik punya temen satu daripada punya temen banyak tapi nyakitin hati!!!!!
joy,happy valentine......))))))#senang
joy,pkai merah biru lg senang dorang pandang
fear,wah jalan belakang rumah #bawak ketinggian air mencapai dada n pinggul orang dewasa tdi mlem.#takut
anger,kacang lupa kulit
sadness,"kasih .. aku rindu padamu saat aku sedih .. aku rindu padamu saat aku sendiri ,, tetapi aku paling merindukanmu saat aku bahagia"
anger,"WOY KAMPUNG, GEDE BANGET BACOT LO!!!"
sadness,Setiap gambar ada lagu. Setiap cinta ada luka. Setiap kawan ada rahsia. Setiap senyum ada sedih. Setiap pembelajaran ada pengorbanan
sadness,"Sahabat adalah mereka yg mampu melihat sedih di balik senyummu, sayang di balik amarahmu, dan kata di balik diammu "
anger,"Suka bnget pergi ngak bilang2,, bikin orng marah aja sih kmu >:0"
anger,"Kamu kenapa kok jadii aneh beginii ... #Marah"" gak jelas"
anger,punya printer eror bae! #marah
sadness,bebb maap yee wkt pendadaranmu gk bs dateng #sedih
anger,woy loe iya loe belagu amet siih jadi orang
joy,Hore.dia plg yogya lgi. :* :* #senang
fear,Ya Allah kencang.y anginn. #takut
anger,SIKAP LO JAGA SEDIKT!!
sadness,"Hrus jauh2in mie instan, lambung udh gg bs makan bgtuan.. Sedih, tp lambungnya udh gg kuat.. Hiks"
joy,"Enaknya kalo libur,kerjaan nya makan tidur makan tidur lagi #senang :D"
fear,"yaallah kepala q pusing perut q mual,,,,,, q takut pengaruh obat mlm tdi ,,,, #takut"
anger,GA SENENG SAMA GUE? BERANTEM SINI
anger,"nak tegur tu , tegur dengan cara yang baik and sopan . bukannya dengan cara perlkelahian , marah . ==!"
sadness,bebb maaf yee waktu pendadaranmu gk bs dateng #sedih
fear,Berhati2lah ama temen curhat . kalo udah nikung presisinya 90% akurat. #Takut :(
joy,"Hati senang walaupun tak punya pasangan, ooooiii!!! =)) :D"
anger,Bikin malu saya aja dikau #marah
anger,LO KOK JADI ORANG KE-PEDE-AN BANGET SIH?? NORAK!!
sadness,Sedih aja
anger,"Gak butuh temen yang ngedeket pas ada senangnya doang,cuih!!"
fear,Gmna mw klwr rumah klo ada orang aneh di depan rumah.. #takut bgt
sadness,Sedih gk bisa keluar hari sabtu :'( gereja selesai jam 12an
joy,Wanita yang cantik wajahnya senang jumpa. Tapi wanita yang cantik akhlak dan peribadinya susah nak jumpa
fear,"LES itu merupakan penyakit inflamasi sistemik autoimun yang dapat menyerang berbagai bagian tubuh (kulit, sendi, sistem syaraf, ginjal, jantung, paru, sel darah dan sebagainya),"
anger,Hidup lo ya hidup lo! Hidup gue ya hidup gue! Jadi ngga usah usil!
anger,"Lalu diserahkan kepada saudara KH. Selanjutnya saudara KH memberikan uang Rp 4 juta kepada pelaku SB. Dan oleh pelaku SB uang tersebut dipergunakan untuk kepentingan pribadi. Berdasarkan pengakuan saudara KH, dia merasa iba karena pelaku SB mengatakan korban tersebut merupakan anak yatim yang orang tuanya tidak sanggup memberikan nafkah karena bapak korban sudah meninggal,"
fear,lagi menyiapkan strategi agr bisa melarikan diri kalau hri Jumat... #Takut dikerjain sm tmand2 dikleas
joy,"yeeee, dapet 4 chapter one piece #senang"
joy,"ketika #senang jgn sampai mendekatkan yg jauh, menjauhkan yg dekat"
sadness,Semua buat aku sedih . em :'(
sadness,Akhir2 tulang blakangq makin skit. Makin tdk mampu tuk than. Tpi tkt mama sedih klu taw sa skit apa. Mavkan sa mama.
sadness,"Kamu bisa memilih ingin bahagia atau sedih, dan apa yg kamu pilih itulah yg akan km dapatkan"
sadness,Rasa sedih bsa diminimalisir jika kumpul dgn teman
sadness,pengen gandengan sama kamu lagi dan pelukan #sedih :(
fear,Panas tinggi #takut
sadness,"Sedih ya. Sama temen yang lama yang sekarang udah punya temen baru. Udah ga saling sapa, saling cuek. Padahal dulunya udah kaya perangko"
anger,"Atas permintaan warga itulah Kapolda Papua melakukan mediasi kepada Kapolda Metro Jaya dan sudah diberikan. Jadi kita berharap ke-11 warga itu bisa memberikan penjelasan kepada masyarakat di Miwage agar palang dibuka,"
fear,Kan pak retno masih mending dari pada Pak Yuwono Guru Sejarahku :( #Takut
fear,Emm esok present Sejarah . Harap lancar je la esok :3 #Takut
fear,"Saat terbangun kami langsung diguyur hujan, karena selain angin saat itu kencang, intensitas hujan juga lebat,"
anger,Macet gilla... #marah
joy,"Berakit-rakit dahulu berenang-renang kemudian,Bersakit-sakit dahulu Bersenag-senang Kemudian o:)"
fear,Ya allah jga hambba dr rang2 yg brniat jahat... dan berpikir buruk tntng hambaa.... #Takut kya gtuu
anger,Kenapa gue bisa punya TETANGGA kayak LOE .. Yang bisanya ngikutin GAYA orang doank !!
fear,semoga kagak ketahuan bissmillah :) #takut :(
fear,pentolan takut sama geng motor mainnya bacok2an sih.#takut
anger,mau nya kok enak nya doang lu pikir hidup ini selurus idung nya sehun apa -_- cetek otak lo !! #marah
joy,hahahahahah lagi senang dari masak sambal tumis hahahaha
sadness,Ada anak sma habis perpisahan atau semacam wisuda sekolah. Foto bareng sama temen-temennya sejawat dgn pakai kebaya lalu di post di IG dengan caption 'Nanti siapa ya yang bakal nikah duluan'. Ku langsung tertunduk lesu dan seraya ingin minum extra joss. Cuk.
fear,Udah 2 hari padang hujan !! :/ -_- #takut :(
fear,"Di atas mobil komando, mereka memaksa saya meminta maaf. Seseorang merebut kacamata dari muka saya dan membuangnya ke arah massa. Dia memakai topi rimba dan jaket hijau, saya tidak kenal siapa dia,"
sadness," ya gimana ya lin, coba deh mbok pikir aja km sbnre msh sayang bgt sama mantanmu trs dia jg smpe dtk ini msh memperlakukan km sama seperti pas dia msh jd pacar mu, kan jd memupuk rasa lagi nek gt :("
joy,"Nikmatnya hidup ini. Sungguh bahagia ^_^... Dibalik pnyesalan, ada kebahagiaan juga. Ohhh mksy ya allah. #senang sekali"
anger,Bangun tidur malah dimarah-marah -_- fuckmen!
sadness,"satu satunya jalan harus pindah kontrakan, spaya tak teringat masa lalu bersamanya . pan jadi sedih"
anger,GUE MAH BODO AMAT
sadness,"Ijazah mendadak nyelip tu, langsung tiba2 kebayang perjuangan dikampus, penelitian, skripsi, de el el. Emang ya kudu gak ada dulu, baru berasa."
anger,APA SIH MAU LO?? JANGAN GANGGU HIDUP GUE!!
joy,tidak bisa diungkapkan lewat kata kata :) #senang sekali
anger,"KENAPA HARUS SATU SEKOLAH SAMA LOE , MUAK GUE LIAT MUKA LOE"
sadness,"Jangan sedih bila sekarang masih dipandang sebelah mata, buktikan bahwa anda layak mendapatkan kedua matanya."
fear,mudah-mudahan gk bakalan ketemu lagi sama orang aneh kek kemaren #takut
fear,degdegan setiap seperti ini. #takut
sadness,"tapi gua sedih mba, gua gak jadi tampil di smansa punggur"
anger,FITNAH AJE TERUS.
joy,Siap dgn senang hati :) Terima kasih
joy,"Alhamdulillah akun twitter aku udah pulih, udah bisa buka interaksi lagi. #senang"
joy,Senang dan sukacita melihat jiwa2 menerima kekuatan dari Firman Tuhan
anger,"Yang berhak menghina lo cuma pencipta lo, bukan orang lain."
sadness,kenapa sih?udah bosen?aku gatau kenapa tiba2 kayak gini....sedih kak rasanya tau ga :')
joy,paling senang kalau tiba-tiba langsung disuruh pulang cepat karna ada rapat guru :|
anger,BROADCAST MULU LO TONG!!
sadness,"dear (calon) suami (ku), kamu lebih senang punya istri wanita karir atau ibu (fulltime) rumah tangga?"
anger,"Pinter boong , suka ngeles, pinter cari muka, otak kecil , yah itu si ""budakkecikbalita"" #marah"
fear,Pagi.pagi udh kedatangan tamu org gila ! Ampun dah... ! Usir om usir :( #takut
joy,"setidaknya membiarkanmu pergi membuatmu senang. Dan kesenanganmu, menenangkanku"
sadness,Begitu sedih melihat saudara-saudarku sedemikian jauhnya. Semoga Allah mengembalikan mereka ke jalan yang lurus
sadness,Aku sedih nak tinggal kn kawan aku
joy,ThankS bwat cm0ah nya :) #SENANG
anger,"Beberapa bulan belakangan ini, banyak sekali laporan masyarakat dan informasi di media massa yang mengangkat mengenai praktik prostitusi di Hotel Alexis. Tentunya hal tersebut menjadi catatan kami,"
sadness,"Maaf ya kak :( ,gak boleh keluar sama mamak rahmi #sedih"
joy,Co-co-coklat yang di kasih orang itu emang le-le-lebih nikmat.. \(???)/ #senang
fear,exam smkim mnghampiri...#takut
sadness,ga tau harus berbuat apa... #sedih :'(
sadness,Kita buat. Allah melihat. Malaikat mencatat. Kita cakap. Allah mendengar. Malaikat merakam. Kita sedih. Allah memahami.
joy,haaaa cepat jawab nampak senang kan tapi
sadness,sedih dan menangis itu gpp.yg penting orang yg disayangnya bahagia.
anger,dah lama aku bersabar dgn kau . kau jgn nak kasih aku marah
joy,insyaAllah bleh..senang je
anger,"MENDING CANTIK LOE , JELEK aja BE LA GU UUU !!"
fear,Semenjak aku comment update status facebooknya tiba-tiba langit jadi mendung dan akhirnya hujan disertai petir.. #Takut
sadness,"Di dunia ini banyak orang senang akan cinta, tapi hanya sedikit yang menerima kenyataan ketika cinta itu hilang"
fear,"BERANI MINTA , GK BERANI MAKKE #TAKUT!!"
fear,Pulang cepet karna suasana tdk mendukung #takut
joy,"#Gembira dpt berkenalan dgn Kak Amil, Nina, Salsa & An.. Welcome to Malaysia.. Wish u all have a wonderful xperience here"
sadness,Sedikit hargailah orang yang udah berusaha membuat kamu tersenyum disaat kamu sedih
joy,Trimakasih atas waktunya :D #senang
anger,HIDUP KALO CUMA MAU ENAKNYA MENDING MATI AJA LO !!
fear,liat pngumuman langsung dredeg #takut :(
anger,PERCUMA BELI BH MAHAL-MAHAL KALO ISINYA MURAHAN
joy,Dimana mana hatiku senang
sadness,Masih sedih liat layar hp sendiri :(
sadness,mungkinkah tahun depan warna almamterku tak lagi merah? #sedih
joy,susah senang selalu bersama
anger,"Kalau enggak, saya enggak berani tanda tangan,"
joy,"Aku senang bersamamu, karena aku tau kamu akan membuat segalanya indah"
fear,Temulawak sih memang buat putih Tapi kalo ga pake tu muka timbul bintik2 -_- #takut
anger,DIMANA OTAK LO ?!
anger,"abis , yg di baikin pake hati, minta nya JANTUNG Marah mele SUSAH KE SIAPA? SENENG KE SIAPA !!"
anger,"MAMPUS PUS PUS GAK PUNYA TEMEN, jadi anak SONGONG"
fear,"Mumpung masih siang gapapa dengerin ini. Malem dikit, kabur. #takut"
joy,Senyum di waktu senang itu syukur Senyum di waktu susah itu redha Senyum di waktu marah itu penenang
joy,Twitt gue di balas bg faris.... #senang ini ceritanya :D
sadness,Lelaki memang suka perempuan yg cantik. Tpi lelaki lebih senang jatuh cinta dekat perempuan yg pandai ambil hatinya
sadness,Aku marah pada ibu. tapi diam-diam ibu mencium keningku dan meminta maaf. aku benar-benar mnyesal mmbuat dia sedih
sadness,"Teman baik saya ialah AIR MATA saya. Dia selalu ada bila saya gembira, bila saya sedih, bila saya rindukan seseorang"
joy,Haha :D #senang sekali :)
sadness,Tuhan lah yang mengetahui perasaanku saat ini. :( #sedih
fear,hujannya pake angin #takut
fear,udahh ada yang punya !! #takut ah kalo udah ada anjingnya
fear,lagi dirumah sendiri.. #takut.
joy,"Yeaay baru pertma kaLi dan mengesankan hadiahnya td mLm , wkwk #Lebay #senang sekaLi"
sadness,kapan kita jalan bareng lagi yank aku pengen #sedih
fear,"Malam ini syerem banget banyak suara - suara aneh, jadi ga bisa tidur. #takut"
joy,kan senang kalau bagi semua benda yg aq perlukan mcm ni.. baru lah boleh tunjuk skill
joy,Marco Verratti Ingin Terus Disandingkan Dengan Andrea Pirlo: Marco Verratti mengaku senang
fear,YA ALLAH Cobaan apalagi yang engkau berikan kepada hambau ini yaallah GEMPA semakin kuat #TAKUT
fear,"BERANI MINTA , GK BERANI MAKKE #TAKUT!!"
joy,"Bisa smsan smha kakanya ,, :) jdi lebih akrab {} #senang"
sadness,"Cintai bahagia karena dia membuatmu ceria, tapi cintai juga sedih karena dia membuatmu dewasa"
sadness,Sabar adek :( sedih ayuk dengarnya kmrn yg terakhir liat opet :(
joy,alhamdullilahh... tugas bahasa jerman tidak dikomentari sama sekalii #senang
fear,Hujan deras disertai guntur keras #takut
anger,SAYANG SAMA LO BIKIN SAKIT HATI!!!
anger,"Orang yang rampas hak orang , takan boleh duduk senang"
sadness,Terasa sedih bila kita di tempat berbeda
sadness,"kasih .. aku rindu padamu saat aku sedih .. aku rindu padamu saat aku sendiri ,, tetapi aku paling merindukanmu saat aku bahagia"
fear,Ya Allah tujukkan jalan kluar dari setiap masalah dan berikan jalan yg terbaik buat hamba :'( #takut
sadness,"Sedih bgt :( Merasa bersalah banget itu, ketika ngasih tau nilai TO yang ancur ke orang tua!"
joy,yeah Senang banget
fear,lagi dirumah sendiri.. #takut.
anger,Naek angkot ajalah yaaa..nunggu mumu kelamaaaan!! #marah
sadness,"karena sedang sedih, lalu merenung sendiri di taman"
fear,bahaya kali bah kejadian tadi malam ;) #takut
fear,"astaghfirullah,, ya Allah knp mati lampu.. :( #takut"
joy,"Kerja siap , hati senang maaaaaaa :P hahaha"
sadness,Kadang kadang saya rasa sedih bila awak menghilang . Sebab masa tu saya tengah rindukan awak dan saya perlukan awak
sadness,"Harus jauh2in mie instan, lambung udh ga bs makan begituan.. Sedih, tp lambungnya udh ga kuat.. Hiks"
anger,"Gak butuh temen yang ngedekat pas ada senangnya doang,cuih!!"
fear,"Nonton film horor \""/ #takut"
fear,HAH! tes potensi akademik.. dag dig dug #takut
fear,"Ya Allah Bioskop TransTv ""Misteri di rusun 313"" bikin tegang .. #takut"
anger,NGGAK SENENG MALAH NGOMONGIN DIBELAKANG
joy,"Bentar lg ad tmen yg menikah,,,jd ikut #senang mdah2an langgeng n bahagia selalu..Amin"
joy,"senyum senang :) okelah nanti sepulang kerja kita cuzz kesana, asal kalian senang"
fear,"pas gua udah mulai suka , udah membuka hati lagi lu malah ngecewain #takut :'("
anger,mu jhat bgt!!#emosi #marah #fuck #buat #kmu !
sadness,ga tau harus berbuat apa... #sedih :'(
joy,"betah amat nak di perut mamah, papah udah beliin mainan loh buat km, senang ya ci punya suami setia kaya gt :D"
fear,duh Gusti kenapa mati lampu sih ? -.- nyala dong nyala yah #takut
joy,Terkesan menghadiri Majlis Riyadhu
joy,"Bila hati senang, ucapkan alhamdulillah :)""bila perut kenyang,ucaplah alhamdulillah :p"
anger,"Tidak ada itu prostitusi. Ini seperti tempat pijat pada umumnya lah. Nanti akan kami perlihatkan lantai 7 seperti apa,"
fear,"Malam"" kalo pengen ke toilet itu mesti mikir 2X -_- #Takut"
sadness,"Aku tak pernah lupakan kau, Tak pernah. Tapi aku yakin, Kau tak pernah mengingati aku. Takkan pernah."
sadness,Jangan rasa pelik kenapa perempuan ketawa lebih daripada yg biasa dia lakukan. Itulah cara mereka mengembirakan diri mereka ketika sedih .
sadness,"Bila lemah, katakan kau kuat. Bila sedih, katakan kau bahagia. Bila kecewa, katakan kau gembira. Kekadang kata-kata itu terngiang di kepalaku"
sadness,pengen banget dateng+liat farawell concert CJR tgl 23 feb :( tpi gk bisa :( #sedih
sadness,"Menyatakan cinta, lalu ditolak itu pedih Tapi lebih pedih kalau kalian berpisah"
fear,"Pada dasarnya, kami merespons permintaan warga yang mengajukan untuk dilakukan fogging gratis. Warga khawatir, setelah kemarau panjang kemudian turun hujan, virus DBD menyerang. Sebab tahun lalu sudah ada warga yang menjadi korban,"
sadness,Aku tak boleh duduk sorang2 sebab aku akan ingat semua hal2 yang buat aku sedih :')
fear,Panas tinggi #takut
joy,Menuju Rumah Maudy !! #Gembira
joy,aku skr lgi bahagia banget.. #senang
anger,banyak bacot jadi cowok
sadness,"Masak air sampai mendidih, naik perahu dayung sendiri. Kalau hatimu sedih, yang rugi diri sendiri"
fear,"LES itu merupakan penyakit inflamasi sistemik autoimun yang dapat menyerang berbagai bagian tubuh (kulit, sendi, sistem syaraf, ginjal, jantung, paru, sel darah dan sebagainya),"
anger,"Kamu kenapa kok jadii aneh beginii ... #Marah"" gak jelas"
fear,rumah sepi semua pada pergi:-( #takut
joy,Perut kenyang hati pun senang
anger,Mbak mbak mbak kalo photo biasa aja kali ???
anger,Gak di temenin masa NGADU ke bokap nya .. Njiss ieh .. Anak pengaduu dasar !!
fear,Anjing kurang kerjaan. Darh tadi gong gong terus. #Takut
anger,NGURUS DIRI SENDIRI AJA LO GAK BECUS!!
sadness,Sedih broo
sadness,"Jika cinta itu bahagia, lalu sedih dan tangis dinamakan apa?"
anger,"Dia (Sam) enggak pernah nemuin dan hubungin Niki untuk minta damai. Lagi pula lucu, masa damai kasih tenggat waktu 5-10 hari,"
sadness,Sedih pasti ada..tapi harus ttp kejar cita2 dan keinginan...bismillah smua pasti baik2
sadness,ternyata SAKIT ya klo kmu itu terlalu cuek sama aku... :�) sampai sampai gak kebayang rasanya itu kaya gimana #sedih
anger,tingkah mu seperti anak kecil aja #marah
joy,"Balik main gitar..lyn perasaan tidur,bgun solat and gi kelas...senang"
fear,hujannya pake angin #takut
sadness,"Anak zaman now lulusan aja pake toga segala un di aula2 mahal, lah kita dulu lulus sd paling banter perpisahan ke cibodas or anyer naek bis.."
anger,"SEBELOM LO NAKAL BEGITU, GUE UDAH DARI DULU WOI!! HAHA BELAGU"
fear,"Modus operandinya, Odet bersama komplotannya memberhentikan korbannya, kemudian merampas sepeda motor atau HP. Jika korbannya melawan, maka pelaku akan membacok dengan menggunakan golok,"
anger,DIH NAJIS BANGET PUNYA TEMEN KAYAK LO!!
sadness,Sorry tak dapat berada disisi time awak sedih dan susah
sadness,mungkinkah tahun depan warna almamaterku tak lagi merah? #sedih
sadness,"dear (calon) suami (ku), kamu lebih senang punya istri wanita karir atau ibu (fulltime) rumah tangga?"
fear,"Malam ini syerem banget banyak suara - suara aneh, jadi ga bisa tidur. #takut"
fear,Hujan mulu -_- kapan berhenti nya :/ udah mah ada petir nya :( #takut
fear,"Nyuri anjing,matanya d kluarin #seram amat #takut"
fear,"Seremmm jendela kebuka sendiri , #ngacir #kabur #takut #melukbantal"
joy,"Kamu senang senang aja dulu sama dia gapapa,kalo kamu jatuh terpuruk datang aja ke aku gapapa,aku selalu ada ko :)))"
sadness,Namanya juga hidup kadang seneng kadang sedíh . Kalo ga sedih kadang juga ga bsa rasain kebahagia.an :-)
joy,senang sekali anda
sadness,iya maunya juga nikah. tapi..... lalaki na nu manaaaaaaa kamu sih enak punya calon. lah aku? bantal guling mau dipeluk aja hamdalah
fear,angin kencang hujan deras #takut
sadness,Sabar adek :( sedih ayuk dengernyo kmrn yg terakhir liat opet :(
fear,Dag Dig Dug... Entah apa yang akan terjadi. #Takut
joy,Hari ini tdr dgn bantal guling dan selimut :D #senang
joy,"Dapat kaka baru, #senang"
sadness,Memang sedih tapi kalau hanya sedih saja kapan bisa bangkit
joy,"ternyata masih perhatian,, #senang"
anger,Anak baru aja belagu ... Minta di TAMPOL
joy,"Waaaa,, kata2 yang bisa buat aku Luluh kayak es mencair :'D gak nyangka :p #senang"
joy,Senang nya hidup berbagi kebahagiaan
fear,hujan deras pluss angin kencan #takut
joy,namanya aku senang haha
sadness,"Lihat suami istri lg gandeng ma anaknya,inget sih buah hati. . #SEDIH :("
fear,hujannya serem bgt #takut #kebangun #bergetar #terguncang
joy,Jarang jarang dirangkul loh aku kya tdi :D #senang
fear,"Ngungsi, balik, ngungsi (lagi), balik (lagi), ngungsi (lagi), balik (lagi). --"" #longsor #takut kebanjiran"
sadness,Semoga lekas sembuh teteh syg jd sedih
fear,Dagdigdug-_- #takut
joy,"Sudah lama tidak dapat SMS dari Suster Ino, Tetiba Beliau SMS saya !! #senang"
sadness,"Lu temen gue , jadi kalo lu sedih gue ikut sedih. lu bahagia gue bahagia."
anger,KALO UDAH GA SAYANG BILANG AJA!!
anger,"Bupati terus menagih permintaan uang ini salah satunya untuk melunasi pembayaran ke lembaga survei,"
joy,hari yang indah buat hati yang senang haha
sadness,"Cewek kalau cowoknya berubah ga kek dulu lagi itu cuma bisa sedih . Mau nanya juga percuma , yang ada malah makin sedih :')"
fear,bukan petir.. tapi ini GUNTUR.. #Takut :'(
fear,ya allah aku nabrak ayam jago.. #takut
sadness,"Egoisnya aku pada saat itu, ku tutup semua mata telinga bahkan hati saat dia mungkin merasa dalam kebimbangan. Ku acuhkan perasaannya saat dia ingin mencari yg lain. Aku sngt egois bukan? Aku hanya memikirkan bahwa hanya aku yg bs melakukan segalanya baginya.ternyata aku slh"
sadness,"kalau aku sedih, apakah aku membuatmu sedih? tentu karena aku sahabatmu"
sadness,"Sebagai anggota komite medik di RS tempat sy bekerja, kami kdg membicarakan death case di rapat komite medik. Membicarakan pasien yg meninggal dlm perawatan di RS bagaimanapun tidak pernah menyenangkan wlopun bukan pasien sendiri pun"
anger,kampret lu semua!! pada ngehargain punya gue!! kayak sendirinya bisa aja lu!! njing!! #marah
fear,"Dari sebelum kejadian, sudah enggak enak, gelisah terus,"
anger,lo mau ngomong apa tenang gua JABANIN !'!'!' #marah
joy,"Jualnya gampang, belinya senang. Tinggal Klik, Ketemuan, Deal"
sadness,Rindu nk post kat wechat but xboleh sbb xnk tunjuk diri kat org wcht tu .. #sedih
joy,"Aku senang punya sahabat sepertimu :"")"
joy,"senang banget jadi senyum2 sendiri.,gak tau juga knapa udah jatuh cinta sama kamu"
joy,"Sisa2 abu vulkanik pada turun kebawah dari atab rumah, dibersihkan oleh air hujan tadi malam.. #Senang"
anger,paling benci kalo gue sms loe gak pernah di balas ???(?_�)????
sadness,"Biasanya sering jemput orang di bandara, giliran gw ga ada yang jemput. #sedih"
sadness,"Mata akan tampak turun ketika sedih, terbuka lebar ketika takut, terlihat tidak fokus ketika sedang berkhayal."
anger,MAU DIBILANG APAAN SIH LO ? KAMPUNGAN?
sadness,Entah harus merasa senang karena terlihat masih muda atau sedih karena mungkin tidak meyakinkan
sadness,"Kasihan karyawan bapakku ini, mau lebaran malah jatuh sakit dan masuk rumah. Dan sekarang mudik terlalu cepat ke kampung halaman. Gusti Allah kadang memberikan hal yang tidak terpikirkan oleh manusia. Sebagai manusia ya cuma bisa menerima."
sadness,"segini kejamnya ya cinta dapat membutakan mata,hati,telinga. senang diawal,sedih diakhir. gampang cinta,susah ngelupain."
joy,terima kasih kakak . sudah menemani aku disaat mengerjakan paper #senang sekali :D
sadness,"Ada yg salah paham dgn status saya sbelum ini. Sbnrnya kalau dterjemahkan sperti ini > ""Kenapa harus sy yg mengerjakan semuany"
anger,Njir yg fisiknya gakuat langsung kesurupan
joy,mmg betul org cakap bila cari pasangan biar yg susah senang bersama.alhamdulillah dia tak pernah lepas tangan dengan semua masalah
sadness,Perasaan dari dulu sampe sekarang ga pernah sama sekali menang kuis. Sedih. 
joy,Pulang rumah :) #Senang
joy,Selamat bersenang-senang dan berenang-renang di GDP yah :'D
sadness,"Bagi anda anda yg dianugerahi gigi rapi dari lahir, bersyukurlah ! Karena pake behel ternyata lebih sakit daripada sakit hati. #menurutguesih"
fear,Hujan nya berhenti ehh petir nya menggelegar ketinggalan #takut
fear,bahaya kali bah kejadian tadi malam ;) #takut
anger,Minta sesuatu saja blm pernah kesampean. Yang ada cepet x !!! #marah
fear,"Walaupun aku gak bisa melihatnya, tapi aku bisa merasakannya #Takut"
joy,Kami senang makan.setelah itu foto selfie ber2 utk kenang2an
anger,"Dua pelaku ini berbelanja celana di toko celana dengan uang palsu,"
anger,KESABARAN GUE ADA BATASNYA!!!
sadness,"itukan karna aku sayang kamu, ga mau kamu sedih."
joy,Dentuman musik disko menyenangkan | alunan nada nasyied menenangkan #senang dan tenang adalah dual hal yang jauh berbeda
joy,"Ga bisa tidur,malah senyum sendiri hahah #senang"
fear,"Mati lampu sendirian dirumah langsung keluar rumah teriak ""TANTE"" #takut"
fear,Dag Dig Dug... Entah apa yang akan terjadi. #Takut
fear,Ya Allah tujukkan jalan kluar dari setiap masalah dan berikan jalan yg terbaik buat hamba :'( #takut
anger,"Yang pasti mereka enggak cocok,"
anger,Yang namanya arauf itu orangnya bangsat sekali
sadness,Ngerasa sedih aja gitu :')
sadness,"Sangat sedih Bu Risma mengundurkan diri. Terima kasih untuk ketulusan & komitmennya, Bu. Saya bangga msh ada org spt Ibu di negara ini. :"")"
fear,":)..KABUR aja dah gua soal nya kaga berani ke situ,ada kucing noh #takut :'("
anger,MERASA JAGOAN LO?
anger,kaya tapi gak berbagi sama aja boong ! mending mati aja
fear,Gua ngambil hp nya diem diem.. Haha #takut
sadness,Lost 3kg in a month gara2 kerjaan yang cukup bikin stres. Padahal dari zaman kuda susah banget nurunin sekilo doang. Daku tersenyum perih [URL]
joy,"ALHAMDULILLAH, meski [#gag #cuma 3 - 6 kata] #AKU #UDAH #SENANG"
fear,Bahkan untuk bemimpi pun aku tak berani lagi :( #takut terjatuh
joy,Hari ini sekolah masuk siang! #senang :)
fear,Gk mau aah pake lensa mata #takut
joy,ciee mama papa cciee wkakwakwaka #Senang
fear,"Bagian depan pesawat turun dan bagian belakang terangkat. Penumpang panik, mereka berteriak ketakutan,"
joy,Alhmdllh.. Terimakasih ya Allah.. #hepi #tenang #senang :*
fear,Penghuni neraka teramai adalah wanita #takut
sadness,Cewek paling suka kalau cowok nya bisa menjadi pendengar setia nya di kala dia sedang sedih/ senang
fear,Mudah-mudahhan dapet bagus!!#takut
anger,"Ahhhh, kampret banget tuh org. #marah Level tinggi"
anger,gausah dianggep orang-orang yg sirik mah. mereka cuma sampah!
sadness,"Tiap habis mandi terus oles-oles krim muka pasti jadi sedih, kulit muka jadi ga karuan gini sejak di Kalimantan."
joy,Senang bisa mengenal dirimu:)
sadness,"Manusia manapun pasti kan sedih jika orang dicintainya berubah, ya seperti itulah perasaan di hati gw . Gw kangen lo yank"
anger,Dongo mah dongo aje!
sadness,#selamat untuk para peserta #ILAC yg lolos berangkat ke bali.. #sedih tahun ini tidak ikut #miris
anger,SIRIK MULU
joy,Lega rasanya setelah menyelesaikan tugas di tempat kerja. Tapi tahan dulu keinginan berlibur dan bersenang-senang
sadness,Dewi kenapa sedih? Mimin kan jadi sedih juga :')
joy,"Susah senang bersama itulah sahabat :"")"
joy,hikmah kabut : bisa lihat matahari karna tidak silau #senang
joy,Lagi senang! Puas hati ku
joy,"Lahir Oktober, cenderung cuek terhadap apa yg orang lakukan namun sangat ramah, bersahabat, senang bergaul & sangat mudah"
joy,"Dapat hadiah memang menyenangkan... Tapi ngasih kado, lebih senang lagi"
fear,PLN please nyalain lampunya #takut
fear,Seram dengar cerita hantu #Takut
sadness,sedih dan menangis itu gpp .yg penting orang yg disayangnya bahagia.
joy,Yaaaahh sudah mulai santai #senang
sadness,dunia ini panggung sandiwara :( #sedih
anger,"pada ga setia kawan banget lo , tinggalin gue"
joy,"Pak Sby sudah kunjungi korban Kelud yah? wah senang nya, atensi dari Sby ini. :)"
sadness,"Pedihnya hatimu krn di dzolimi, jadikan itu amplas sakti utk membentuk diri yg lbh kuat dan tegar... membentuk diri lbh bijak dan berbuat lbh banyak kebajikan"
anger,Adei. Mak marah pulak aku puasa tak bangun sahur.
joy,yes...yes...yes...basket-basket-basket #senang
joy,Senang melihat orang gembira :)
anger,URUSIN DIRI LO SENDIRI TAI!!
joy,"Hari ini merasa #bahagia , #senang"
anger,Ah marah tetap marah
sadness,"Awak selalu berjanji, tapi awak tak pernah tunaikan janji awk. Saya sedih,, Tapi takpa saya sabar selagi mampu."
fear,lagi menyiapkan strategi agr bisa melarikan diri kalau hri Jumat... #Takut dikerjain sm teman2 dikelas
sadness,"ku dengar kau cintaa sangat padanya, ku dengar hatimu kini miliknya, #sedih dgr lagu ni xdi.. sbb mmg berlaku bnda ni xdi#"
fear,hujan abu nya smpe sekolahan ku :( #takut
fear,"wah low nnton d rumah masing2, q jadi uji nyali soalnya nntonnya tengah malam terus sendirian lagi #takut"
anger,GA SUKA BANGET SAMA ORANG YANG CUMA BERANI NGOMONG DIBELAKANG!!
sadness,ternyata SAKIT ya klo kmu itu terlalu cuek sama aku... :�) sampai sampai gak kebayang rasanya itu kaya gimana #sedih
joy,"#Virgo itu senang dibilang "" i miss you"""
joy,Mikirin kamu itu emang gak bikin gue kenyang tapi yang jelas bikin gue senang :) #StatusPacar
anger,BANYAK OMONG LO!!
fear,liat pngumuman langsung dredeg #takut :(
sadness,"Masak air sampai mendidih, naik perahu dayung sendiri. Kalau hatimu sedih, yang rugi diri sendiri"
anger,emang klo ulangan salah apa ..... . #marah
joy,Senang rasanya bisa melihat ibu tertawa lagi :))
sadness,kenapa sih?udah bosen?aku gatau kenapa tiba2 kayak gini....sedih kak rasanya tau ga :')
anger,"Tidak kita rekomendasikan, tidak kita izinkan. Kalau ada seperti itu kan restunya Pak Kapolres. Cuma kalau dari kita kan, penyidik, masih menyarankan, memberi masukan tidak usah (diberi),"
sadness,Pgn mandi aja gak ada air hduh pdang udh kya di daerah pelosok aja #Sedih
fear,exam smkim mnghampiri...#takut
sadness,Aku sedih.. :'( ada yg bisa menghapus dukaku?? Aku kecewa.. :'( ada yg bisa menghapus kekecewaanku ??
sadness,Rasa sedih bsa diminimalisir jka kumpul dgn tmen
joy,"pastilah senang hahaha, km sudah banyak menampung 2 fakultas haha"
joy,"Makasih selalu temenin aku dalam keadaan susah dan senang :* ,aslinya sayang banget kamu {}"
sadness,Mintalah maaf bila merasa bersalah dan jgn sedih krn dia tak memaafkanmu. Anda tdk dianjurkan mengais kata maaf dari mulutnya.
joy,Hidup harus di jalani dngn manis seperti gula.....#senang
joy,"Di follback reuben tuh rasa.x mirip klw kita main Flappy bird terus dapet 1000 point,hhh ,thanks #GEMBIRA"
anger,paling benci kalo gue sms loe gak pernah di bales ???(?_�)????
sadness,"tapi gua sedih mba, gua gak jadi tampil di smansa punggur"
fear,mudah-mudahan gk bakalan ketemu lagi sama orang aneh kek kemaren #takut
anger,KALO UDAH GA SAYANG BILANG AJA!!
sadness,"kalau lagi bahagia jangan lupa bagi bagi, agar Tuhan membagi bebanmu pada saat kamu sedih dan kecewa"
joy,Di Telpon Pak Pos ckckck Sepatu Datang #Hati #Pun #Senang
sadness,"Bila Saya Mati , Saya Harap Awak Orang Yang Terakhir Tahu Tentang Saya . Sebab Apa , Sebab Saya Tak Nak Tengok Awak Sedih Dihadapan Saya"
joy,Akhirnya boleh juga beli baju itu haa senang banget
fear,Ada awal pasti ada akhir itulah aturan dunia ne kdg q #takut dgn yg nmx akhir itu
anger,paling tidak senang sama orang yang sok pamer
anger,aku dah gak peduli lagi og!!!!!!! #marah
fear,hujan lebat + petir aku #takut pengen off aja
sadness,rasanya sedih banget #gua hari ini.
anger,asli bangke' bangeettt ...!!!!! #marah
anger,"Beberapa bulan belakangan ini, banyak sekali laporan masyarakat dan informasi di media massa yang mengangkat mengenai praktik prostitusi di Hotel Alexis. Tentunya hal tersebut menjadi catatan kami,"
sadness,"lagu christina aguilera hurt ,pesan dilagunya sedih bgt jadi teringat masa lalu"
fear,"Disikat semuanya,"
joy,"Ketika The Boys menuliskan kata Directioners� pada tweet mereka, kami merasa senang dan bangga"
sadness,ga tau harus berbuat apa... #sedih :'(
sadness,Sebentar dibikin senang sebentar dibikin sedih.mau mu apasih?
anger,"Rata-rata korbannya membayar Rp 19 juta per orang, padahal uang sebesar itu tidak mencukupi untuk kebutuhan umrah. Itulah yang akhirnya menimbulkan kerugian dan tidak jadi berangkat. Dan, sebagian disalahgunakan untuk kepentingan pribadi para tersangka,"
anger,PUNYA OTAK KAN?? MIKIR DONG KALAU KELAKUAN LO ITU BIKIN SAKIT HATI!!
anger,Dancuk tetangga kost numpang tidur malah ganti chanel tv sekarang gx bs liat mas ryan #marah
joy,lebh senang !! lebih bahagia !!! lebih semangat !!!
anger,nda bisa ini nda bisa maklum..... #marah
sadness,Aku marah pada ibu. tapi diam-diam ibu mencium keningku dan meminta maaf. aku benar-benar mnyesal mmbuat dia sedih
anger,Mati'kan terusss lampu #marah
anger,Mbak mbak mbak kalo photo biasa aja kali ???
anger,FITNAH AJE TERUS.
fear,"Ihh suara apa ituu, gresekgresek #takut"
sadness,Nggak bisa nonton film SSE sma MASTERPIECE :( kenapa sih lampunya mati :( ;( #Sedih:(
anger,PAGI-PAGI UDAH KESAL NGELIAT MUKA LO YANG KAYAK TAI!!
sadness,"Pernah gak kalian ngerasain dulu kalian pernah amat sangat menginginkan sesuatu dan berjuang mati2an buat dapetinnya. Tapi suatu saat kalian berhadapan sangat dekat dgn hal tersebut dan tatap dalam2 lalu terlintas pikiran... ""wait, kayaknya sekarang aku udah gak mau ini lagi deh"""
anger,setiap gue liat muka loe rasanya pengen MUNTAH tau gakk !!
anger,"Ahhhh, kampret banget tuh org . #marah Level tinggi"
fear,"Perubahan yang sangat drastis,. Sangat tertekan,. Penuh dgn amarah,. #takut"
anger,"Heh, makan lu. Mama marah nih."
anger,Tak berguna bagimu mengumbar #Marah #Sedih #Kecewa gara2 satu hal yg Tak beralasan apalagi gara2 Pasangan -_-
anger,Jangan banyak gaya! Gaya boleh asal jangan pake duit orangtua
anger,"Kalau Gus Ipul NU, Khofifah NU, masuk lagi Yenny NU. Ketiganya NU. Jadi pecah NU-nya. Jadi, tidak tahu NU kemana?"
joy,Dines terakhir semangt #senang hati :)
fear,"pagi"" ujan,,di kelas cuma sendiri.. #takut"
fear,Efek yasin fadilah yg meresahkan #takut #jadinurut
anger,"GUE JOMBLO, TAPI GUE BAHAGIA. EMANGNYA LO"
joy,#Capricorn cenderung humoris dan banyak orang yg senang berteman dengannya
fear,Liat film Ghost bikin senam jantung pagi hari... #takut
anger,GUE SIH GA PERDULI SAMA LO
joy,akhir na green jacket uda keluar #senang
joy,Melihatmu tersenyum saja aku sudah senang kok
joy,hari ini dpt sms dari anak di Halmahera yang kmrn aku krmin surat smangat. senang bgt
anger,"WOY KAMPUNG, GEDE BANGET BACOT LO !!!"
fear,"Padahal pasien dengan gangguan komunikasi, bila tidak segera ditangani, gangguannya bisa menjadi permanen karena tidak ada intervensi dan rehabilitasi,"
joy,Banyak kerja betul mau buat tapi entah kenapa rasa #gembira .. semakin banyak semakin sy suka hermm
fear,"LES itu merupakan penyakit inflamasi sistemik autoimun yang dapat menyerang berbagai bagian tubuh (kulit, sendi, sistem syaraf, ginjal, jantung, paru, sel darah dan sebagainya),"
joy,"alhamdulilah konsulnya selesai sudah ^_^,senang dh yeyeyey :D"
anger,Dikasih tidur 30 menit doang #marah
fear,"Anginnya kenceng banget, nakutin yak #takut"
anger,mu jhat bgt !! #emosi #marah #fuck #buat #kmu !
joy,"Jemput si uul d'jalan kena ujan,tpi cuma sebentar #senang sesaat =D"
joy,Tomcat oh.. Tomcat.. Ketemu settingan konfigurasi yang tepat itu... #orgasme #puas #senang #gratis
joy,Bayi riang ibu senang.haha
joy,akhirnya bisa juga izin sabtu n minggu bisa gantikan ortu disini selama 9 bulan #senang ad abg sepupu
joy,"huhhh akhirnya ada juga jaringan telkomsel, meski dicari baru dapat #senang"
joy,Seluruh organ tubuhku senang dan bersemangat... semangat dari WBT#12 yang diadakan
anger,"Kami ingin pengusaha sadar bahwa 1 tahun ini ada 12 bulan, lho. Jangan cuma di Desember saja dipacunya karena itu mengakibatkan serapan sangat berpotensi tidak optimal karena digenjot hanya di triwulan terakhir,"
